Product Discription,Price,Ratings
New Apple iPhone 11 (64GB) - (Product) RED,"47,999",4.6 out of 5 stars
"Samsung Galaxy M42 5G (Prism Dot Gray, 6GB RAM, 128GB Storage) 6 Months Free Screen Replacement for Prime","20,999",4.1 out of 5 stars
"Redmi 9A (Nature Green, 2GB RAM, 32GB Storage) | 2GHz Octa-core Helio G25 Processor | 5000 mAh Battery","6,799",4.2 out of 5 stars
"Redmi 9 (Sky Blue, 4GB RAM, 64GB Storage) | Extra INR 200 Amazon Pay Cashback | 2.3GHz Mediatek Helio G35 Octa core Processor","8,999",4.2 out of 5 stars
"Oppo A31 (Fantasy White, 6GB RAM, 128GB Storage) with No Cost EMI/Additional Exchange Offers","11,990",4.2 out of 5 stars
"Tecno Spark 7T(Jewel Blue, 4GB RAM, 64GB Storage) 6000 mAh Battery| 48 MP AI Dual Rear Camera, 6.52 Handy Size","8,999",4.0 out of 5 stars
"Redmi 9 (Carbon Black, 4GB RAM, 64GB Storage) | Extra INR 200 Amazon Pay Cashback | 2.3GHz Mediatek Helio G35 Octa core Processor","8,999",4.2 out of 5 stars
"realme C11 (2021) (Cool Blue, 2GB RAM, 32GB Storage) with No Cost EMI/Additional Exchange Offers","6,699",4.1 out of 5 stars
"Samsung Galaxy M11 (Black, 4GB RAM, 64GB Storage) with No Cost EMI/Additional Exchange Offers","9,999",4.1 out of 5 stars
"Redmi 9 (Sporty Orange, 4GB RAM, 64GB Storage) | Extra INR 200 Amazon Pay Cashback | 2.3GHz Mediatek Helio G35 Octa core Processor","8,999",4.2 out of 5 stars
"Samsung Galaxy M32 (Light Blue, 4GB RAM, 64GB Storage) 6 Months Free Screen Replacement for Prime","13,999",4.2 out of 5 stars
"Tecno Spark 7T(Jewel Blue, 4GB RAM, 64GB Storage) 6000 mAh Battery| 48 MP AI Dual Rear Camera, 6.52 Handy Size","8,999",4.0 out of 5 stars
"Samsung Galaxy M31 (Ocean Blue, 6GB RAM, 128GB Storage)","14,999",4.3 out of 5 stars
Nokia 105 Single SIM (Black),"1,233",4.1 out of 5 stars
Redmi 9A (Midnight Black 2GB RAM 32GB Storage) | 2GHz Octa-core Helio G25 Processor | 5000 mAh Battery,"6,799",4.2 out of 5 stars
Redmi 9A (Sea Blue 3GB RAM 32GB Storage)| 2GHz Octa-core Helio G25 Processor | 5000 mAh Battery,"7,799",4.2 out of 5 stars
Redmi 9A(Midnight Black 3GB RAM 32GB Storage) | 2GHz Octa-core Helio G25 Processor | 5000 mAh Battery,"7,799",4.2 out of 5 stars
"Redmi 9 Prime (Space Blue, 4GB RAM, 64GB Storage)- Full HD+ Display & AI Quad Camera","9,999",4.3 out of 5 stars
"Redmi 9A (Nature Green, 3GB Ram, 32GB Storage) | 2GHz Octa-core Helio G25 Processor","7,799",4.2 out of 5 stars
"realme C11 (2021) (Cool Grey, 2GB RAM, 32GB Storage) with No Cost EMI/Additional Exchange Offers","6,699",4.1 out of 5 stars
"Mi 11X Pro 5G (Lunar White, 8GB RAM, 128GB Storage) | Snapdragon 888 | 108MP Camera | Additional 3000 Off on Exchange | 6 Month Free Screen Replacement (Prime only)","39,999",3.9 out of 5 stars
"I KALL K380 Smartphone (7.12 Inch, 4GB, 32GB) (Blue)","6,499",3.2 out of 5 stars
